{"stats":{"minecraft:custom":{"minecraft:interact_with_anvil":5,"minecraft:mob_kills":113,"minecraft:interact_with_crafting_table":25,"minecraft:leave_game":1,"minecraft:time_since_death":36803,"minecraft:climb_one_cm":1472,"minecraft:sprint_one_cm":174224,"minecraft:walk_one_cm":849987,"minecraft:drop":42,"minecraft:play_time":144447,"minecraft:deaths":17,"minecraft:sneak_time":35,"minecraft:walk_under_water_one_cm":605,"minecraft:boat_one_cm":83473,"minecraft:jump":1298,"minecraft:interact_with_blast_furnace":21,"minecraft:walk_on_water_one_cm":9332,"minecraft:total_world_time":144447,"minecraft:interact_with_furnace":53,"minecraft:sleep_in_bed":1,"minecraft:time_since_rest":36828,"minecraft:damage_taken":6643,"minecraft:damage_dealt":19648,"minecraft:fly_one_cm":93330,"minecraft:open_chest":30,"minecraft:crouch_one_cm":283,"minecraft:fall_one_cm":23366,"minecraft:horse_one_cm":2333061},"minecraft:killed_by":{"minecraft:evoker":1,"minecraft:creeper":2,"minecraft:vindicator":11,"minecraft:skeleton":1,"minecraft:vex":2},"minecraft:used":{"minecraft:stone_sword":115,"minecraft:iron_sword":66,"minecraft:torch":71,"minecraft:tuff":1,"minecraft:dark_oak_planks":1,"minecraft:stripped_dark_oak_wood":1,"minecraft:iron_axe":221,"minecraft:iron_helmet":1,"minecraft:stone_bricks":2,"minecraft:dark_oak_boat":1,"minecraft:furnace":5,"minecraft:cooked_beef":8,"minecraft:cobbled_deepslate":53,"minecraft:damaged_anvil":1,"minecraft:stone_pickaxe":79,"minecraft:wooden_pickaxe":5,"minecraft:crafting_table":9,"minecraft:blast_furnace":2,"minecraft:white_bed":6,"minecraft:diamond_pickaxe":37,"minecraft:iron_pickaxe":146,"minecraft:stone_axe":47,"minecraft:diamond_sword":260,"minecraft:cobblestone":4,"minecraft:cooked_porkchop":13},"minecraft:broken":{"minecraft:stone_sword":1,"minecraft:iron_helmet":1},"minecraft:crafted":{"minecraft:cherry_planks":32,"minecraft:smooth_stone":3,"minecraft:leather_boots":1,"minecraft:dark_oak_boat":1,"minecraft:furnace":2,"minecraft:blast_furnace":1,"minecraft:stone":3,"epicsamurai:red_samurai_chestplate":1,"epicsamurai:red_samurai_boots":1,"epicsamurai:red_samurai_leggings":1,"minecraft:iron_boots":1,"minecraft:stone_pickaxe":1,"minecraft:chest":1,"minecraft:dark_oak_planks":8,"sophisticatedbackpacks:iron_backpack":1,"minecraft:cooked_beef":8,"minecraft:diamond_sword":1,"sophisticatedbackpacks:backpack":1,"minecraft:cooked_porkchop":11,"minecraft:crafting_table":1,"minecraft:wooden_pickaxe":1,"minecraft:iron_helmet":1,"minecraft:iron_sword":1,"minecraft:stone_axe":1,"minecraft:diamond_pickaxe":1,"minecraft:stick":24,"minecraft:iron_ingot":38,"minecraft:iron_pickaxe":1,"minecraft:stone_sword":1,"minecraft:gold_ingot":3,"epicsamurai:steel_ingot":10,"minecraft:torch":60},"minecraft:dropped":{"minecraft:dark_oak_stairs":1,"epicsamurai:raw_silver":9,"minecraft:cherry_log":5,"minecraft:book":339,"minecraft:coal":1,"minecraft:red_carpet":1,"minecraft:dirt":9,"minecraft:jungle_sapling":1,"minecraft:amethyst_shard":3,"minecraft:writable_book":4,"minecraft:sunflower":2,"minecraft:dark_oak_planks":3,"minecraft:dandelion":4,"minecraft:stone_sword":2,"minecraft:tuff":3,"minecraft:stripped_dark_oak_log":2,"minecraft:rotten_flesh":5,"minecraft:stripped_oak_log":8,"minecraft:oak_sapling":6,"minecraft:stone_bricks":4,"minecraft:bow":1,"minecraft:stone_pickaxe":1,"minecraft:wooden_pickaxe":1,"minecraft:egg":1},"minecraft:killed":{"minecraft:evoker":3,"minecraft:vex":3,"minecraft:spider":6,"minecraft:vindicator":15,"minecraft:skeleton":6,"minecraft:chicken":9,"minecraft:pig":12,"minecraft:creeper":1,"minecraft:sheep":4,"minecraft:pillager":24,"minecraft:zombie":22,"minecraft:cow":8},"minecraft:picked_up":{"minecraft:crafting_table":9,"minecraft:chicken":9,"minecraft:lead":1,"minecraft:wooden_pickaxe":1,"minecraft:enchanted_book":12,"minecraft:brewing_stand":2,"minecraft:string":27,"minecraft:iron_axe":1,"minecraft:iron_shovel":1,"minecraft:cobbled_deepslate":54,"minecraft:beef":24,"minecraft:jungle_sapling":1,"minecraft:egg":1,"minecraft:furnace":5,"minecraft:dark_oak_sapling":4,"minecraft:stick":6,"minecraft:raw_iron":81,"minecraft:torch":11,"minecraft:porkchop":27,"minecraft:cherry_log":42,"minecraft:carrot":19,"minecraft:redstone":23,"minecraft:deepslate_tile_stairs":1,"minecraft:golden_chestplate":1,"minecraft:dark_oak_planks":15,"minecraft:rotten_flesh":7,"minecraft:stone_sword":2,"minecraft:arrow":29,"minecraft:stripped_dark_oak_wood":1,"minecraft:saddle":1,"minecraft:gold_ingot":2,"minecraft:totem_of_undying":3,"minecraft:leather_horse_armor":2,"minecraft:mutton":5,"minecraft:white_wool":4,"minecraft:cobblestone":31,"minecraft:stripped_oak_log":8,"minecraft:feather":12,"minecraft:leather":11,"minecraft:potato":3,"minecraft:tuff":4,"minecraft:gunpowder":2,"minecraft:cobblestone_wall":1,"minecraft:dirt":14,"minecraft:red_carpet":1,"minecraft:bone":6,"minecraft:apple":1,"minecraft:stone_bricks":6,"minecraft:bow":1,"minecraft:raw_gold":5,"minecraft:iron_ingot":3,"epicsamurai:raw_silver":18,"minecraft:dark_oak_stairs":1,"minecraft:book":647,"minecraft:cooked_porkchop":2,"minecraft:dandelion":4,"minecraft:blast_furnace":2,"minecraft:white_bed":7,"minecraft:dark_oak_log":24,"minecraft:spider_eye":3,"minecraft:diamond":15,"minecraft:writable_book":4,"minecraft:crossbow":1,"minecraft:cherry_sapling":8,"minecraft:emerald":18,"minecraft:damaged_anvil":2,"epicsamurai:ruby":15,"minecraft:oak_sapling":3,"minecraft:stripped_dark_oak_log":2,"minecraft:coal":42,"minecraft:sunflower":2},"minecraft:mined":{"minecraft:dark_oak_planks":16,"minecraft:red_carpet":1,"minecraft:tuff":4,"minecraft:white_bed":7,"minecraft:mossy_cobblestone":2,"minecraft:deepslate_diamond_ore":15,"minecraft:cherry_log":42,"minecraft:dark_oak_log":28,"minecraft:brewing_stand":2,"minecraft:chiseled_bookshelf":95,"epicsamurai:deepslate_ruby_ore":17,"minecraft:grass_block":4,"minecraft:deepslate_tile_stairs":2,"minecraft:hay_block":2,"minecraft:furnace":5,"minecraft:carrots":5,"minecraft:iron_ore":31,"minecraft:cobbled_deepslate":15,"minecraft:dark_oak_stairs":1,"minecraft:potatoes":4,"minecraft:bookshelf":62,"minecraft:deepslate_iron_ore":15,"epicsamurai:deepslate_silver_ore":9,"minecraft:stripped_oak_log":8,"minecraft:packed_ice":2,"minecraft:stone":12,"minecraft:deepslate_redstone_ore":5,"minecraft:oak_slab":1,"minecraft:glass_pane":2,"minecraft:brown_carpet":1,"minecraft:stripped_dark_oak_log":3,"minecraft:dandelion":1,"minecraft:powder_snow":15,"minecraft:crafting_table":9,"minecraft:torch":7,"minecraft:blast_furnace":2,"minecraft:sculk_sensor":1,"minecraft:glass":1,"minecraft:cobblestone":22,"minecraft:deepslate_gold_ore":5,"minecraft:damaged_anvil":2,"minecraft:sculk":1,"minecraft:wall_torch":5,"minecraft:dark_oak_slab":1,"minecraft:cobblestone_wall":3,"minecraft:birch_leaves":1,"minecraft:tnt":2,"minecraft:black_wool":3,"minecraft:grass":2,"minecraft:coal_ore":30,"minecraft:sunflower":1,"minecraft:cobweb":21,"minecraft:stone_bricks":4,"minecraft:deepslate_emerald_ore":1,"minecraft:deepslate":44}},"DataVersion":3465}