{"stats":{"minecraft:custom":{"minecraft:interact_with_smithing_table":3,"minecraft:mob_kills":38,"minecraft:interact_with_crafting_table":15,"minecraft:open_barrel":13,"minecraft:interact_with_campfire":3,"minecraft:bell_ring":1,"minecraft:eat_cake_slice":2,"minecraft:leave_game":2,"minecraft:time_since_death":27161,"minecraft:climb_one_cm":8199,"minecraft:sprint_one_cm":621877,"minecraft:walk_one_cm":899219,"minecraft:drop":24,"minecraft:damage_dealt_absorbed":40,"minecraft:talked_to_villager":9,"minecraft:play_time":176937,"minecraft:deaths":44,"minecraft:sneak_time":1843,"minecraft:walk_under_water_one_cm":9758,"minecraft:interact_with_lectern":3,"minecraft:boat_one_cm":111508,"minecraft:jump":1528,"minecraft:interact_with_blast_furnace":10,"minecraft:walk_on_water_one_cm":20524,"minecraft:total_world_time":176937,"minecraft:interact_with_furnace":2,"minecraft:traded_with_villager":1,"minecraft:interact_with_loom":3,"minecraft:sleep_in_bed":4,"minecraft:time_since_rest":23543,"minecraft:damage_taken":15318,"minecraft:damage_dealt":9175,"minecraft:swim_one_cm":3886,"minecraft:fly_one_cm":168907,"minecraft:open_chest":87,"minecraft:crouch_one_cm":6024,"minecraft:interact_with_smoker":9,"minecraft:fall_one_cm":31693},"minecraft:killed_by":{"minecraft:husk":8,"minecraft:evoker":1,"minecraft:piglin_brute":1,"minecraft:creeper":1,"minecraft:vindicator":22,"minecraft:skeleton":6,"minecraft:zombie":1,"minecraft:vex":2},"minecraft:used":{"minecraft:writable_book":1,"minecraft:iron_shovel":454,"minecraft:iron_sword":214,"minecraft:torch":22,"minecraft:dirt":9,"minecraft:snowball":43,"minecraft:milk_bucket":1,"minecraft:dark_oak_planks":5,"minecraft:iron_axe":60,"minecraft:goat_horn":3,"minecraft:cooked_beef":2,"minecraft:cooked_mutton":3,"minecraft:birch_planks":9,"minecraft:baked_potato":8,"minecraft:birch_boat":1,"minecraft:crafting_table":3,"minecraft:mushroom_stew":3,"minecraft:white_bed":3,"minecraft:diamond_pickaxe":65,"minecraft:bread":20,"minecraft:cobblestone":12},"minecraft:broken":{"minecraft:iron_shovel":1,"minecraft:iron_boots":1,"minecraft:iron_chestplate":1,"minecraft:iron_leggings":1,"minecraft:iron_sword":1,"minecraft:iron_helmet":1},"minecraft:crafted":{"minecraft:oak_planks":8,"minecraft:birch_boat":1,"minecraft:cooked_mutton":3,"minecraft:iron_boots":1,"minecraft:dark_oak_planks":4,"minecraft:cooked_beef":9,"sophisticatedbackpacks:backpack":1,"minecraft:cooked_porkchop":9,"minecraft:crafting_table":2,"minecraft:iron_helmet":1,"minecraft:baked_potato":8,"minecraft:iron_sword":1,"minecraft:birch_planks":16,"minecraft:bread":1,"minecraft:air":0,"minecraft:diamond_pickaxe":1,"minecraft:stick":8,"minecraft:iron_ingot":9,"minecraft:gold_ingot":1,"minecraft:torch":32},"minecraft:dropped":{"minecraft:oak_slab":1,"minecraft:dark_oak_stairs":2,"minecraft:dark_oak_slab":1,"minecraft:cobblestone":1,"minecraft:saddle":1,"minecraft:raw_gold_block":1,"minecraft:red_carpet":5,"minecraft:stick":5,"minecraft:leather_horse_armor":1,"minecraft:snowball":16,"minecraft:sugar":1,"minecraft:string":1,"minecraft:bubble_coral":1,"minecraft:iron_nugget":1,"minecraft:player_head":1,"minecraft:bowl":4,"minecraft:rotten_flesh":4,"minecraft:ladder":3,"minecraft:arrow":1},"minecraft:killed":{"minecraft:vex":3,"minecraft:witch":1,"minecraft:spider":3,"minecraft:vindicator":6,"minecraft:skeleton":6,"minecraft:piglin_brute":1,"minecraft:husk":2,"minecraft:pig":7,"minecraft:frog":1,"minecraft:pillager":1,"minecraft:zombie":4,"minecraft:cow":3},"minecraft:picked_up":{"minecraft:charcoal":2,"minecraft:crafting_table":1,"minecraft:iron_chestplate":1,"minecraft:ladder":3,"minecraft:lead":4,"minecraft:iron_axe":2,"minecraft:armor_stand":1,"minecraft:iron_leggings":1,"minecraft:beef":11,"minecraft:bubble_coral":1,"minecraft:player_head":2,"minecraft:jungle_sapling":1,"minecraft:iron_pickaxe":1,"minecraft:chest":1,"minecraft:birch_sapling":1,"minecraft:egg":2,"minecraft:raw_iron":15,"minecraft:stick":5,"minecraft:raw_gold_block":1,"minecraft:bowl":1,"minecraft:porkchop":15,"minecraft:dark_oak_planks":1,"minecraft:tnt":1,"minecraft:arrow":6,"minecraft:rotten_flesh":4,"minecraft:leather_horse_armor":2,"minecraft:mutton":3,"minecraft:snowball":257,"minecraft:cobblestone":13,"minecraft:stripped_oak_log":2,"minecraft:birch_log":12,"minecraft:leather_chestplate":1,"minecraft:leather":3,"minecraft:birch_planks":2,"minecraft:mushroom_stew":1,"minecraft:oak_log":2,"minecraft:mangrove_slab":5,"minecraft:dirt":11,"minecraft:red_carpet":5,"minecraft:bone":9,"minecraft:stone_bricks":2,"minecraft:gray_carpet":2,"minecraft:raw_gold":1,"minecraft:iron_sword":1,"minecraft:dark_oak_stairs":4,"minecraft:oak_slab":1,"minecraft:dark_oak_slab":1,"minecraft:cooked_porkchop":1,"minecraft:birch_boat":1,"minecraft:amethyst_shard":4,"minecraft:white_bed":3,"minecraft:dark_oak_log":9,"minecraft:spider_eye":3,"minecraft:mossy_cobblestone":2,"minecraft:sugar":1,"minecraft:emerald":8,"minecraft:stripped_dark_oak_log":1,"minecraft:coal":10},"minecraft:mined":{"minecraft:dark_oak_planks":1,"minecraft:white_bed":2,"minecraft:mossy_cobblestone":5,"minecraft:dark_oak_leaves":1,"minecraft:dark_oak_log":1,"minecraft:grass_block":1,"minecraft:raw_gold_block":1,"minecraft:fire":1,"minecraft:iron_ore":16,"minecraft:snow":159,"minecraft:dark_oak_stairs":3,"minecraft:small_amethyst_bud":1,"minecraft:packed_ice":1,"minecraft:stone":11,"minecraft:player_head":1,"minecraft:oak_slab":2,"minecraft:medium_amethyst_bud":1,"minecraft:snow_block":220,"minecraft:amethyst_cluster":1,"minecraft:powder_snow":68,"minecraft:crafting_table":1,"minecraft:emerald_ore":1,"minecraft:chest":1,"minecraft:campfire":1,"minecraft:mushroom_stem":1,"minecraft:cobblestone":10,"minecraft:iron_door":1,"minecraft:birch_planks":2,"minecraft:dark_oak_slab":1,"minecraft:birch_log":15,"minecraft:grass":1,"minecraft:coal_ore":10,"minecraft:oak_log":2,"minecraft:dirt":8,"minecraft:stone_bricks":2,"minecraft:gold_ore":1,"minecraft:oak_leaves":1}},"DataVersion":3465}