{"stats":{"minecraft:picked_up":{"minecraft:beef":3,"minecraft:oak_log":6,"minecraft:dirt":3,"minecraft:mutton":1,"minecraft:string":3,"minecraft:white_wool":1},"minecraft:mined":{"minecraft:grass_block":3,"minecraft:oak_log":6},"minecraft:used":{"minecraft:diamond_sword":12,"minecraft:dirt":28},"minecraft:killed":{"minecraft:sheep":1,"minecraft:spider":3,"minecraft:cow":3},"minecraft:custom":{"minecraft:time_since_rest":19326,"minecraft:crouch_one_cm":63,"minecraft:sprint_one_cm":6607,"minecraft:play_time":19326,"minecraft:walk_one_cm":16444,"minecraft:sneak_time":139,"minecraft:mob_kills":7,"minecraft:jump":86,"minecraft:damage_dealt":860,"minecraft:time_since_death":19326,"minecraft:total_world_time":19326,"minecraft:fly_one_cm":131603,"minecraft:fall_one_cm":1521},"minecraft:crafted":{"minecraft:oak_planks":24}},"DataVersion":3465}