{"stats":{"minecraft:used":{"minecraft:wooden_axe":21,"minecraft:cherry_sapling":6,"minecraft:crafting_table":2,"minecraft:wooden_pickaxe":118},"minecraft:broken":{"minecraft:wooden_pickaxe":2},"minecraft:custom":{"minecraft:time_since_rest":5340,"minecraft:sprint_one_cm":1989,"minecraft:play_time":5340,"minecraft:damage_taken":10,"minecraft:walk_one_cm":15256,"minecraft:jump":44,"minecraft:time_since_death":5340,"minecraft:total_world_time":5340,"minecraft:fall_one_cm":1438,"minecraft:interact_with_crafting_table":2,"minecraft:fly_one_cm":1240},"minecraft:crafted":{"minecraft:cherry_planks":40,"minecraft:crafting_table":1,"minecraft:stick":24,"minecraft:wooden_pickaxe":2,"minecraft:stone_pickaxe":2,"minecraft:wooden_axe":2},"minecraft:picked_up":{"minecraft:stick":8,"minecraft:crafting_table":2,"minecraft:cherry_sapling":20,"minecraft:tuff":59,"minecraft:cherry_log":28,"minecraft:cobblestone":59},"minecraft:mined":{"minecraft:tuff":59,"minecraft:cobblestone":59,"minecraft:cherry_log":28,"minecraft:crafting_table":2}},"DataVersion":3465}