{"stats":{"minecraft:killed_by":{"minecraft:husk":3,"minecraft:pillager":3,"minecraft:iron_golem":2,"minecraft:vindicator":24,"minecraft:skeleton":6,"minecraft:vex":1},"minecraft:killed":{"minecraft:spider":8,"minecraft:vindicator":11,"minecraft:skeleton":11,"minecraft:horse":1,"minecraft:chicken":4,"minecraft:husk":4,"minecraft:pig":3,"minecraft:frog":4,"minecraft:sheep":9,"minecraft:pillager":12,"minecraft:zombie":2,"minecraft:cow":4},"minecraft:custom":{"minecraft:interact_with_anvil":5,"minecraft:mob_kills":74,"minecraft:interact_with_crafting_table":13,"minecraft:open_barrel":7,"minecraft:leave_game":2,"minecraft:time_since_death":700,"minecraft:climb_one_cm":6705,"minecraft:sprint_one_cm":316320,"minecraft:walk_one_cm":932197,"minecraft:damage_blocked_by_shield":4755,"minecraft:drop":45,"minecraft:talked_to_villager":1,"minecraft:play_time":160982,"minecraft:deaths":39,"minecraft:sneak_time":1347,"minecraft:walk_under_water_one_cm":6113,"minecraft:boat_one_cm":67815,"minecraft:jump":2499,"minecraft:interact_with_blast_furnace":3,"minecraft:walk_on_water_one_cm":13097,"minecraft:total_world_time":160982,"minecraft:interact_with_furnace":2,"minecraft:interact_with_cartography_table":1,"minecraft:interact_with_loom":1,"minecraft:interact_with_grindstone":1,"minecraft:sleep_in_bed":6,"minecraft:time_since_rest":734,"minecraft:damage_taken":14190,"minecraft:damage_dealt":14109,"minecraft:swim_one_cm":1976,"minecraft:fly_one_cm":343157,"minecraft:open_chest":78,"minecraft:crouch_one_cm":6794,"minecraft:interact_with_smoker":4,"minecraft:fall_one_cm":62671,"minecraft:horse_one_cm":10811},"minecraft:crafted":{"minecraft:cherry_planks":108,"minecraft:furnace":1,"minecraft:cherry_boat":1,"minecraft:cooked_mutton":6,"minecraft:flint_and_steel":1,"minecraft:stone_pickaxe":2,"minecraft:chest":1,"sophisticatedbackpacks:backpack":1,"minecraft:crafting_table":1,"minecraft:wooden_pickaxe":1,"minecraft:stone_axe":2,"minecraft:shield":2,"minecraft:stick":80,"minecraft:iron_ingot":11},"minecraft:used":{"minecraft:cherry_boat":1,"minecraft:flint_and_steel":3,"minecraft:tropical_fish":1,"minecraft:shield":47,"minecraft:iron_sword":73,"minecraft:furnace":1,"minecraft:potato":4,"minecraft:cooked_mutton":6,"minecraft:diorite":20,"minecraft:stone_pickaxe":160,"minecraft:wooden_pickaxe":59,"minecraft:crafting_table":6,"minecraft:smoker":1,"minecraft:diamond_pickaxe":80,"minecraft:dark_oak_log":11,"minecraft:bread":51,"minecraft:cyan_bed":1,"minecraft:stone_axe":202,"minecraft:diamond_sword":172,"minecraft:cobblestone":70,"minecraft:yellow_bed":8},"minecraft:mined":{"minecraft:dark_oak_planks":3,"minecraft:white_bed":1,"minecraft:mossy_cobblestone":2,"minecraft:dark_oak_leaves":2,"minecraft:cherry_log":27,"minecraft:dark_oak_log":126,"minecraft:red_nether_bricks":2,"minecraft:ladder":3,"minecraft:dark_oak_fence":4,"minecraft:grass_block":11,"minecraft:stone_brick_wall":1,"minecraft:spawner":3,"minecraft:raw_iron_block":44,"minecraft:furnace":1,"minecraft:red_nether_brick_stairs":1,"minecraft:iron_ore":11,"minecraft:andesite":1,"minecraft:stripped_dark_oak_wood":1,"minecraft:dark_oak_stairs":2,"minecraft:iron_bars":6,"minecraft:smooth_quartz_stairs":1,"minecraft:white_banner":1,"minecraft:stone":93,"minecraft:stripped_mangrove_wood":2,"minecraft:player_head":1,"minecraft:spruce_slab":1,"minecraft:podzol":1,"minecraft:smoker":2,"minecraft:stripped_dark_oak_log":1,"minecraft:stone_brick_slab":2,"minecraft:warped_fence":2,"minecraft:crafting_table":5,"minecraft:calcite":3,"minecraft:glass":2,"minecraft:cobblestone":1,"minecraft:cyan_bed":1,"minecraft:diorite":28,"minecraft:iron_door":1,"minecraft:pink_petals":1,"minecraft:stone_stairs":1,"minecraft:birch_planks":6,"minecraft:spruce_log":5,"minecraft:yellow_bed":8,"minecraft:mangrove_slab":4,"minecraft:oak_log":6,"minecraft:coal_ore":74,"minecraft:gravel":1,"minecraft:dirt":2,"minecraft:gray_carpet":2,"minecraft:cracked_stone_bricks":2,"minecraft:polished_andesite":2,"minecraft:stone_bricks":4,"minecraft:mossy_stone_bricks":1},"minecraft:picked_up":{"minecraft:crafting_table":5,"minecraft:chicken":4,"minecraft:diamond_horse_armor":1,"minecraft:string":7,"minecraft:stone_stairs":1,"minecraft:red_nether_bricks":2,"minecraft:cracked_stone_bricks":2,"minecraft:cherry_boat":1,"minecraft:beef":1,"minecraft:calcite":3,"minecraft:spruce_slab":1,"minecraft:smooth_quartz_stairs":1,"minecraft:furnace":1,"minecraft:dark_oak_sapling":2,"minecraft:stick":6,"minecraft:raw_iron":11,"minecraft:stripped_mangrove_wood":2,"minecraft:raw_gold_block":1,"minecraft:bowl":1,"sophisticatedbackpacks:backpack":1,"minecraft:porkchop":5,"minecraft:cherry_log":27,"minecraft:diorite":23,"minecraft:arrow":7,"minecraft:rotten_flesh":8,"minecraft:tropical_fish":1,"minecraft:shears":1,"minecraft:stripped_dark_oak_wood":1,"minecraft:mutton":14,"minecraft:white_wool":8,"minecraft:cobblestone":91,"minecraft:pink_petals":4,"minecraft:feather":1,"minecraft:cherry_planks":6,"minecraft:leather":3,"minecraft:smoker":2,"minecraft:birch_planks":5,"minecraft:oak_log":6,"minecraft:yellow_bed":8,"minecraft:mangrove_slab":5,"minecraft:dirt":3,"minecraft:white_banner":1,"minecraft:bone":4,"minecraft:red_nether_brick_stairs":1,"minecraft:gray_carpet":2,"minecraft:iron_ingot":2,"minecraft:mossy_stone_bricks":1,"minecraft:iron_sword":2,"minecraft:dark_oak_stairs":4,"minecraft:raw_iron_block":44,"minecraft:spruce_log":5,"minecraft:cyan_bed":1,"minecraft:dark_oak_log":122,"minecraft:spider_eye":1,"minecraft:mossy_cobblestone":2,"minecraft:stone_axe":1,"minecraft:cherry_sapling":4,"minecraft:emerald":12,"minecraft:oak_sapling":2,"minecraft:dark_oak_fence":2,"minecraft:coal":93},"minecraft:broken":{"minecraft:iron_leggings":1,"minecraft:wooden_pickaxe":1,"minecraft:stone_pickaxe":1,"minecraft:shield":1,"minecraft:stone_axe":1},"minecraft:dropped":{"minecraft:iron_ingot":1,"minecraft:dark_oak_stairs":4,"minecraft:birch_planks":5,"minecraft:stripped_mangrove_wood":2,"minecraft:oak_log":6,"minecraft:mossy_cobblestone":2,"minecraft:smooth_quartz_stairs":1,"minecraft:dark_oak_sapling":2,"minecraft:feather":1,"minecraft:iron_helmet":1,"minecraft:tropical_fish":1,"minecraft:raw_gold_block":1,"minecraft:flint":2,"minecraft:stick":4,"minecraft:diamond_horse_armor":1,"minecraft:dirt":3,"minecraft:diorite":3,"minecraft:dark_oak_fence":2,"minecraft:stripped_dark_oak_wood":1,"minecraft:map":3,"minecraft:paper":4,"minecraft:pink_petals":4,"minecraft:white_wool":8,"minecraft:gray_carpet":2,"minecraft:stone_axe":2,"minecraft:iron_nugget":4,"minecraft:bowl":1,"minecraft:cherry_sapling":4,"minecraft:rotten_flesh":8,"sophisticatedbackpacks:backpack":1,"minecraft:stone_stairs":1,"minecraft:shears":1,"minecraft:pumpkin_seeds":2,"minecraft:mossy_stone_bricks":1,"minecraft:oak_sapling":2,"minecraft:spider_eye":1,"minecraft:arrow":7,"minecraft:beef":1}},"DataVersion":3465}