{"stats":{"minecraft:used":{"minecraft:wooden_axe":21,"minecraft:cherry_sapling":6,"minecraft:crafting_table":2,"minecraft:stone_pickaxe":1,"minecraft:wooden_pickaxe":118},"minecraft:broken":{"minecraft:wooden_pickaxe":2},"minecraft:custom":{"minecraft:crouch_one_cm":106,"minecraft:time_since_rest":17340,"minecraft:sprint_one_cm":2301,"minecraft:play_time":17340,"minecraft:damage_taken":10,"minecraft:walk_one_cm":20453,"minecraft:sneak_time":560,"minecraft:jump":87,"minecraft:time_since_death":17340,"minecraft:total_world_time":17340,"minecraft:fall_one_cm":2125,"minecraft:interact_with_crafting_table":2,"minecraft:fly_one_cm":188485},"minecraft:crafted":{"minecraft:cherry_planks":40,"minecraft:crafting_table":1,"minecraft:stick":24,"minecraft:wooden_pickaxe":2,"minecraft:stone_pickaxe":2,"minecraft:wooden_axe":2},"minecraft:picked_up":{"minecraft:raw_iron":1,"minecraft:stick":8,"minecraft:crafting_table":2,"minecraft:cherry_sapling":20,"minecraft:tuff":59,"minecraft:cherry_log":28,"minecraft:cobblestone":59},"minecraft:mined":{"minecraft:tuff":59,"minecraft:deepslate_iron_ore":1,"minecraft:cobblestone":59,"minecraft:cherry_log":28,"minecraft:crafting_table":2}},"DataVersion":3465}