{"stats":{"minecraft:used":{"minecraft:wooden_axe":67,"minecraft:cherry_sapling":6,"minecraft:flint_and_steel":2,"minecraft:stone_pickaxe":132,"minecraft:wooden_pickaxe":118,"minecraft:crafting_table":2,"minecraft:tuff":3,"minecraft:obsidian":6},"minecraft:broken":{"minecraft:stone_pickaxe":1,"minecraft:wooden_pickaxe":2},"minecraft:custom":{"minecraft:time_since_rest":336,"minecraft:sprint_one_cm":10712,"minecraft:damage_taken":510,"minecraft:walk_one_cm":42767,"minecraft:damage_dealt":70,"minecraft:interact_with_crafting_table":2,"minecraft:fly_one_cm":641721,"minecraft:crouch_one_cm":257,"minecraft:play_time":52031,"minecraft:deaths":2,"minecraft:sneak_time":1683,"minecraft:jump":214,"minecraft:leave_game":1,"minecraft:time_since_death":288,"minecraft:total_world_time":52031,"minecraft:fall_one_cm":4992},"minecraft:killed_by":{"minecraft:zombie_villager":1,"mythicmounts:netherbat":1},"minecraft:crafted":{"minecraft:cherry_planks":40,"minecraft:crafting_table":1,"minecraft:stick":24,"minecraft:wooden_pickaxe":2,"minecraft:stone_pickaxe":2,"minecraft:wooden_axe":2},"minecraft:picked_up":{"minecraft:crafting_table":2,"minecraft:stick":8,"minecraft:raw_iron":1,"minecraft:crimson_stem":9,"minecraft:tuff":136,"minecraft:cherry_log":28,"minecraft:nether_wart_block":20,"minecraft:weeping_vines":6,"minecraft:cherry_sapling":20,"minecraft:cobblestone":112},"minecraft:mined":{"minecraft:tuff":137,"minecraft:nether_wart_block":34,"minecraft:cherry_log":28,"minecraft:powder_snow":12,"minecraft:crafting_table":2,"minecraft:deepslate_iron_ore":1,"minecraft:cobblestone":112,"minecraft:crimson_stem":10}},"DataVersion":3465}