{"stats":{"minecraft:custom":{"minecraft:interact_with_smithing_table":1,"minecraft:interact_with_furnace":5,"minecraft:mob_kills":5,"minecraft:interact_with_crafting_table":3,"minecraft:open_barrel":20,"minecraft:bell_ring":1,"minecraft:leave_game":4,"minecraft:time_since_death":49566,"minecraft:sleep_in_bed":2,"minecraft:climb_one_cm":6487,"minecraft:time_since_rest":13043,"minecraft:sprint_one_cm":113956,"minecraft:damage_taken":903,"minecraft:walk_one_cm":358802,"minecraft:drop":4,"minecraft:damage_dealt":1010,"minecraft:talked_to_villager":10,"minecraft:fly_one_cm":64575,"minecraft:open_chest":66,"minecraft:play_time":61424,"minecraft:deaths":1,"minecraft:sneak_time":6,"minecraft:walk_under_water_one_cm":199,"minecraft:jump":1310,"minecraft:walk_on_water_one_cm":638,"minecraft:total_world_time":61424,"minecraft:fall_one_cm":29569},"minecraft:killed_by":{"minecraft:creeper":1},"minecraft:used":{"minecraft:calcite":2,"minecraft:iron_sword":44,"minecraft:mossy_cobblestone":1,"minecraft:spruce_log":2,"minecraft:bread":14,"minecraft:iron_pickaxe":321,"minecraft:cobblestone":64,"minecraft:cherry_log":2},"minecraft:broken":{"minecraft:iron_pickaxe":1},"minecraft:crafted":{"minecraft:cherry_planks":6,"minecraft:spruce_planks":30,"minecraft:iron_chestplate":1,"minecraft:stick":4,"minecraft:iron_ingot":14,"minecraft:iron_pickaxe":1,"minecraft:iron_leggings":1},"minecraft:dropped":{"minecraft:decorated_pot":2,"minecraft:rotten_flesh":1,"minecraft:pink_petals":1},"minecraft:killed":{"minecraft:spider":2,"minecraft:zombie":2,"epicsamurai:komainu":1},"minecraft:mined":{"minecraft:dark_prismarine":1,"minecraft:tuff":1,"minecraft:mossy_cobblestone":4,"minecraft:cherry_log":4,"minecraft:powder_snow":50,"minecraft:grass_block":4,"minecraft:decorated_pot":1,"minecraft:tall_grass":1,"minecraft:cobblestone":18,"minecraft:diorite":3,"minecraft:pink_petals":1,"minecraft:iron_ore":44,"minecraft:cobbled_deepslate":4,"minecraft:grass":3,"minecraft:coal_ore":47,"minecraft:deepslate_iron_ore":5,"minecraft:cherry_leaves":5,"minecraft:gravel":1,"minecraft:dirt":4,"minecraft:packed_ice":5,"minecraft:cobweb":2,"minecraft:bamboo":1,"minecraft:stone":163,"minecraft:gold_ore":8,"minecraft:deepslate":7},"minecraft:picked_up":{"minecraft:pink_petals":1,"minecraft:tuff":1,"minecraft:string":5,"minecraft:dirt":2,"minecraft:iron_axe":1,"minecraft:cobbled_deepslate":4,"minecraft:iron_ingot":1,"minecraft:calcite":2,"minecraft:bamboo":9,"minecraft:iron_sword":1,"minecraft:egg":2,"minecraft:dark_oak_door":1,"minecraft:raw_iron":50,"minecraft:cherry_log":4,"minecraft:diorite":3,"minecraft:spruce_log":10,"minecraft:mossy_cobblestone":2,"minecraft:dark_prismarine":1,"minecraft:rotten_flesh":1,"minecraft:decorated_pot":2,"minecraft:dark_oak_fence":1,"minecraft:coal":47,"minecraft:cobblestone":175}},"DataVersion":3465}