{"stats":{"minecraft:used":{"minecraft:stone_bricks":3,"minecraft:cobblestone":4,"minecraft:bread":5,"minecraft:iron_pickaxe":35,"minecraft:calcite":3},"minecraft:dropped":{"minecraft:bread":1},"minecraft:custom":{"minecraft:time_since_rest":3918,"minecraft:open_chest":15,"minecraft:play_time":10791,"minecraft:sprint_one_cm":19674,"minecraft:damage_taken":360,"minecraft:walk_one_cm":35858,"minecraft:drop":1,"minecraft:jump":143,"minecraft:time_since_death":10791,"minecraft:sleep_in_bed":1,"minecraft:total_world_time":10791,"minecraft:climb_one_cm":2154,"minecraft:fall_one_cm":3869,"minecraft:fly_one_cm":6627},"minecraft:picked_up":{"minecraft:stone_bricks":3,"minecraft:calcite":3,"minecraft:emerald":1,"minecraft:dark_oak_fence":1,"minecraft:coal":7,"minecraft:cobblestone":4},"minecraft:mined":{"minecraft:emerald_ore":1,"minecraft:calcite":3,"minecraft:coal_ore":7,"minecraft:glass_pane":1,"minecraft:tall_grass":1,"minecraft:stone_bricks":3,"minecraft:stone":4,"minecraft:powder_snow":12,"minecraft:dark_oak_fence":1}},"DataVersion":3465}