{"stats":{"minecraft:used":{"minecraft:calcite":3,"minecraft:bread":8,"minecraft:iron_pickaxe":85,"minecraft:iron_sword":2,"minecraft:stone_bricks":3,"minecraft:cobblestone":16},"minecraft:dropped":{"minecraft:bread":1,"minecraft:iron_sword":1},"minecraft:custom":{"minecraft:time_since_rest":15918,"minecraft:sprint_one_cm":30193,"minecraft:damage_taken":410,"minecraft:walk_one_cm":97636,"minecraft:drop":2,"minecraft:damage_dealt":60,"minecraft:talked_to_villager":3,"minecraft:fly_one_cm":9922,"minecraft:open_barrel":2,"minecraft:open_chest":32,"minecraft:crouch_one_cm":7,"minecraft:play_time":22791,"minecraft:sneak_time":1,"minecraft:walk_under_water_one_cm":638,"minecraft:jump":308,"minecraft:time_since_death":22791,"minecraft:walk_on_water_one_cm":9684,"minecraft:sleep_in_bed":1,"minecraft:interact_with_smoker":1,"minecraft:climb_one_cm":3210,"minecraft:total_world_time":22791,"minecraft:fall_one_cm":6445},"minecraft:picked_up":{"minecraft:raw_iron":27,"minecraft:dark_oak_slab":1,"minecraft:rotten_flesh":1,"minecraft:stone_bricks":3,"minecraft:calcite":3,"minecraft:emerald":1,"minecraft:dark_oak_fence":1,"minecraft:iron_sword":1,"minecraft:coal":8,"minecraft:cobblestone":22},"minecraft:mined":{"minecraft:dark_oak_slab":1,"minecraft:glass_pane":1,"minecraft:iron_ore":24,"minecraft:powder_snow":12,"minecraft:dark_oak_fence":1,"minecraft:grass":1,"minecraft:emerald_ore":1,"minecraft:calcite":3,"minecraft:coal_ore":8,"minecraft:deepslate_iron_ore":3,"minecraft:tall_grass":1,"minecraft:stone":22,"minecraft:stone_bricks":3}},"DataVersion":3465}